,Artist,Country / Market,Period active,Release year of first charted record,Genre,Total certified units(from available markets)[a],Claimed sales,Release-year of first charted record
0,The Beatles,United Kingdom,1960–1970[10],1962[10],Rock / pop[10],"Total available certified units: 285.8 million US: 217.250 million[11] JPN: 4.950 million[a][12] GER: 8 million[a][13] UK: 26.245 million[a][14] FRA: 3.890 million[a][15][16] CAN: 14.455 million[a][17] AUS: 3.060 million[a][18][19] BRA: 550,000[a][20] NLD: 345,000[a][21] ITA: 570,000[a][22] SPA: 1.250 million[a][23][24] SWE: 485,000[a][25] NOR: 200,000[a][26] DEN: 495,000[a][27][28][29] SWI: 350,000[a][30] ARG: 1.926 million[a][31][32][33] BEL: 390,000[a][34][35] AUT: 500,000[a][36] POL: 175,000[a][37] NZ: 660,000[a][38][39] POR: 135,000[a][40]",600 million[41][42]500 million[43],
1,Elvis Presley,United States,1954–1977[44],1954[44],Rock and roll / pop / country[44],"Total available certified units: 229.1 million US: 199.650 million[11] JPN: 300,000[a][12] GER: 1.2 million[a][13] UK: 17.715 million[a][14] FRA: 2.590 million[a][15][16] CAN: 2.925 million[a][17] AUS: 1.867 million[a][18][45] BRA: 125,000[a][20] NLD: 555,000[a][21] ITA: 150,000[a][22] SPA: 300,000[a][23][46][47] SWE 380,000[a][25] NOR: 130,000[a][26] DEN: 165,000[a][48][49][50] SWI: 185,000[a][30] MEX: 105,000[a][51] ARG: 110,000[a][31] BEL: 115,000[a][34][35] AUT: 205,000[a][36] FIN: 213,945[a][52] NZ: 117,500[a][38][39]",500 million[53][54]360 million (Est. sales as of 1997)[55][56],
2,Michael Jackson,United States,1964–2009[57],1971[57],Pop / rock / dance / soul / R&B[57],"Total available certified units: 244 million US: 150.3 million[11] JPN: 4.650 million[a][12][58] GER: 11.275 million[13] UK: 36.095 million[14] FRA: 11.5 million[15][16][59] CAN: 4.810 million[17] AUS: 6.775 million[a][18][19][60][61][62] BRA: 280,000[a][20] NLD: 2.2 million[21] ITA: 1.325 million[a][22] SPA: 1.995 million[a][23][24][46][47][63] SWE: 1.330 million[a][25][64] NOR: 275,000[a][26][65] DEN: 2.029 million[a][66][67][29] SWI: 1.010 million[a][30][65] MEX: 3.730 million[a][51] ARG: 664,000[a][31][32][33] BEL: 690,000[a][34][35] AUT: 1.197 million[a][36] POL: 530,000[a][37] FIN: 384,127[52] NZ: 912,500[38][39] POR: 105,000[a][40][65][68][69]",400 million[70][71]350 million[72][73],
3,Elton John,United Kingdom,1964–present[74],1969[74],Pop / rock[74],"Total available certified units: 198.2 million US: 136.050 million[11] JPN: 1.1 million [a][12] GER: 7.9 million[a][13] UK: 29.305 million[a][14] FRA: 4.825 million[a][15][16][59] CAN: 6.055 million[a][17] AUS: 4.242 million[a][18][75] BRA: 835,000[a][20] NLD: 975,000[21] ITA: 195,000[a][22] SPA: 1.220 million[a][23][24][47][63] SWE: 740,000[a][25] NOR: 280,000[a][26] DEN: 600,000[a][49][67][76][29] SWI: 1.323 million[a][30] MEX: 100,000[a][51] ARG: 128,000[31][32] BEL: 840,000[a][34][35][77] AUT: 840,000[a][36][65] POL: 250,000[a][37][77] FIN: 163,481[52] NZ: 330,000[a][38][39]",300 million[78][79]250 million[80][81],
4,Madonna,United States,1979–present[82],1983[82],Pop / dance / electronica[82],"Total available certified units: 180.1 million US: 85.675 million[11] JPN: 6.450 million [a][12][58] GER: 12.650 million[13][83] UK: 30.285 million[14] FRA: 12.805 million[15][16][59] CAN: 6.030 million[17] AUS: 5.372 million[a][18][84][85] BRA: 3.490 million[a][20] NLD: 1.745 million[21] ITA: 3.345 million[a][22][77][65] SPA: 2.815 million[23][24][46][47][63] SWE: 1.070 million[a][25][64] NOR: 280,000[a][26][65] DEN: 747,000[a][66][67][86][29][87][88] SWI: 1.280 million[a][30][65] MEX: 550,000[a][51] ARG: 2.102 million[31][32][89] BEL: 1.015 million[a][34][35][77] AUT: 645,000[a][36][65] POL: 590,000[a][37] FIN: 665,267[52] NZ: 417,500[38][39] POR: 102,000[a][40][65]",300 million[90][91]275 million[92],
5,Led Zeppelin,United Kingdom,1968–1980[93],1969[93],Hard rock / blues rock / folk rock[93],"Total available certified units: 142.1 million US: 115.1 million[11] JPN: 400,000 [a][12] GER: 3.775 million[a][13] UK: 10.530 million[a][14] FRA: 2.310 million[a][15][16][94] CAN: 4.710 million[17] AUS: 2.8 million[a][18][95][96] BRA: 820,000[a][20] ITA: 535,000[a][22] SPA: 450,000[a][24][47][63] SWI: 211,000[a][30] ARG: 360,000[a][31] POL: 120,000[a][37]",300 million[97][98]200 million[99][100],
6,Rihanna,BarbadosUnited States,2005–present[101],2005[101],R&B / pop / dance / hip-hop[101],"Total available certified units: 320.4 million US: 234.550 million[11] JPN: 1.4 million[12][58] GER: 10.775 million[13] UK: 44.5 million[14] FRA: 1.615 million[16] CAN: 3.2 million[17] AUS: 10.060 million[18] BRA: 1.975 million[20] ITA: 2.075 million[a][22] SPA: 1.470 million[23] SWE: 2.560 million[25][64] DEN: 2.035 million[66][67][29][86][76][102][103][28] SWI: 860,000[30] MEX: 860,000[51] BEL: 660,000[35] AUT: 135,000[36] POL: 820,000[37] IRE: 240,000[104] NZ: 697,500[38][39]",250 million[105][106],
7,Pink Floyd,United Kingdom,"1965–1996, 2005, 2012–2014[107][108]",1967[107],Progressive rock / psychedelic rock[107],"Total available certified units: 121.8 million US: 78 million[11] JPN: 100,000[a][109] GER: 7.5 million[a][13] UK: 12.710 million[a][14] FRA: 6.260 million[a][15][16][59] CAN: 6.790 million[a][17] AUS: 3.242 million[a][18][19] BRA: 515,000[a][20] NLD: 435,000[a][21] ITA: 1.710 million[a][22] SPA: 625,000[a][23][24][46][63] SWE: 220,000[a][25][64] NOR: 165,000[a][26][110][65] DEN: 245,000[a][66][29] SWI: 390,000[a][30] MEX: 210,000[a][51][111] ARG: 582,000[a][31][32] BEL: 165,000[a][34][35] AUT: 460,000[a][36] POL: 710,000[a][37] NZ: 787,500[a][38][39]",250 million[112][113]200 million[114],
0,Eminem,United States,1996–present[115],,Hip-hop[115],"Total available certified units: 245.7 million US: 168.7 million[11] JPN: 2.9 million[12][58] GER: 8.1 million[13] UK: 39.925 million[14] FRA: 3.565 million[16][94] CAN: 4.530 million[17] AUS: 8.977 million[18] BRA: 240,000[20] NLD: 250,000[21] ITA: 1.325 million[a][22] SPA: 290,000[23][63] SWE: 970,000[25][64] NOR: 340,000[26][110] DEN: 2.171 million[a][66][29] SWI: 805,000[30] MEX: 365,000[51] BEL: 505,000[34][35] AUT: 377,500[36] POL: 270,000[37] FIN: 124,547[52] IRE: 285,000[a][104] NZ: 735,000[38][39]",220 million[116],1999[115]
1,Taylor Swift,United States,2006–present[117],,Pop / country / rock / folk / alternative[118],"Total available certified units: 233.2 million US: 189.5 million[11] JPN: 3.3 million[12][58] GER: 2.050 million[13] UK: 18.860 million[14] FRA: 450,000[16] CAN: 6.060 million[17] AUS: 8.145 million[18] BRA: 670,000[20] ITA: 405,000[a][22] SPA: 120,000[23] SWE: 320,000[64] NOR: 1.080 million[26][110] DEN: 755,000[29] MEX: 510,000[51] AUT: 130,000[36] POL: 370,000[37] NZ: 540,000[38][39]",200 million[119],2006[117]
2,Mariah Carey,United States,1988–present[120],,R&B / pop / soul / hip-hop[120],"Total available certified units: 182.2 million US: 129.3 million[11] JPN: 14.5 million [a][12][58][121] GER: 4.050 million[13] UK: 14.060 million[14] FRA: 4.690 million[15][16][59] CAN: 4.1 million[17] AUS: 5.265 million[a][18][122] BRA: 875,000[20] NLD: 1.425 million[21] ITA: 110,000[a][22] SPA: 1.1 million[23][24][47][63] SWE: 425,000[25] NOR: 575,000[a][26][110] DEN: 375,000[29][123] SWI: 515,000[30] BEL: 325,000[a][34][35] AUT: 200,000[36] POL: 100,000[a][37] NZ: 250,000[a][38]",200 million[124],1990[120]
3,Queen,United Kingdom,1971–present[125],,Rock[125],"Total available certified units: 167.9 million US: 85.5 million[11] JPN: 3.7 million[a][12][58][126] GER: 12.525 million[a][13] UK: 41.710 million[a][14] FRA: 5.120 million[a][15][16][59] CAN: 2.470 million[a][17] AUS: 3.792 million[a][18][19] BRA: 970,000[a][20] NLD: 1.990 million[a][21] ITA: 1.580 million[a][22] SPA: 1.920 million[a][23][24][46][47] SWE: 190,000[a][25] NOR: 150,000[a][26] DEN: 935,000[29] SWI: 1.256 million[a][30] ARG: 1.080 million[a][31][32] BEL: 190,000[a][34][35] AUT: 900,000[a][36] POL: 940,000[a][37] FIN: 366,152[52] NZ: 515,000[a][38][39] POR: 172,000[a][40][127]",200 million[128],1973[125]
4,Eagles,United States,"1971–1980, 1994–present[129]",,Rock[129],"Total available certified units: 151.8 million US: 127.9 million[11] JPN: 600,000[a][12] GER: 925,000[a][13] UK: 9.735 million[a][14] FRA: 2.040 million[a][15][16][59] CAN: 4.2 million[a][17] AUS: 4.025 million[a][18][130] NLD: 540,000[a][21] ITA: 200,000[a][22] SPA: 500,000[a][23][24] SWE: 140,000[a][25] DEN: 230,000[a][67][29] SWI: 290,000[a][30] FIN: 124,749[52] NZ: 367,500[a][38][39]",200 million[131],1972[129]
5,Whitney Houston,United States,1977–2012[132],,R&B / soul / pop / gospel[132],"Total available certified units: 146.5 million US: 100.875 million[11] JPN: 4.3 million[a][12][133] GER: 5.6 million[a][13] UK: 18.845 million[14] FRA: 3.375 million[15][16][59] CAN: 3.750 million[17] AUS: 2.175 million[a][18][19][134] BRA: 1.045 million[a][20] NLD: 780,000[21] ITA: 265,000[a][22] SPA: 1.260 million[23][24][46][47] SWE: 1.035 million[a][25] NOR: 420,000[a][26][77][65] DEN: 515,000[67][29] SWI: 845,000[a][30] BEL: 480,000[a][34][35][77] AUT: 535,000[a][36] POL: 240,000[a][37] FIN: 247,222[52]",200 million[135]170 million[136],1984[132]
6,Celine Dion,Canada,1981–present[137],,Pop[137],"Total available certified units: 136.3 million US: 61.550 million[11] JPN: 7.150 million[a][12][138][139] GER: 8 million[13] UK: 15.415 million[14] FRA: 15.818 million[15][16][59][94] CAN: 12.325 million[17] AUS: 3.827 million[a][18][19] BRA: 505,000[a][20] NLD: 2.180 million[21] SPA: 1 million[47][63] SWE: 1.105 million[a][25] NOR: 860,000[a][26] DEN: 755,000[a][49][140][141][29] SWI: 1.685 million[a][30] ARG: 340,000[31] BEL: 2.160 million[a][34][35] AUT: 440,000[a][36] POL: 700,000[a][37] FIN: 356,183[52] NZ: 192,500[38][39]",200 million[142]175 million[143],1981[d][137]
7,AC/DC,Australia,1973–present[144],,Hard rock / blues rock / rock and roll[144],"Total available certified units: 127.1 million US: 87.2 million[11] GER: 10.5 million[a][13] UK: 7.765 million[14] FRA: 4.380 million[15][16] CAN: 2.490 million[a][17] AUS: 7.855 million[a][18] ITA: 900,000[a][22] SPA: 1.375 million[a][23][24][46][47][63] SWE: 350,000[a][25][64] DEN: 450,000[67][29][145] SWI: 914,000[a][30] MEX: 1.260 million[a][51] ARG: 594,000[a][31][32] BEL: 100,000[a][35] AUT: 395,000[a][36] POL: 115,000[a][37] FIN: 321,169[52] NZ: 140,000[a][38][39]",200 million[146]150 million[147],1975[144]
8,The Rolling Stones,United Kingdom,1962–present[148],,Rock / blues rock[148],"Total available certified units: 101.5 million US: 74.750 million[11] JPN: 950,000[a][12] GER: 3.8 million[a][13] UK: 10.970 million[a][14] FRA: 3.380 million[a][15][16][59] CAN: 3.025 million[a][17] AUS: 697,500[a][18] BRA: 100,000[a][20] NLD: 610,000[a][21] ITA: 330,000[a][22] SPA: 690,000[a][23][24][46][47][63] SWE: 310,000[a][25] NOR: 100,000[a][26] SWI: 238,000[a][30] ARG: 718,000[a][31][32] BEL: 220,000[a][34][35] AUT: 300,000[a][36] POL: 140,000[a][37] NZ: 190,000[a][38][39]",200 million[149],1963[148]
0,Drake,Canada,2001–present[150],,Hip-hop / R&B / pop[150],"Total available certified units: 380.9 million US: 302.34 million[11] GER: 2.450 million[13] UK: 47.560 million[14] FRA: 3.299 million[16] CAN: 9.680 million[17] AUS: 5.365 million[18] BRA: 390,000[20] ITA: 1.825 million[22] SPA: 520,000[23] SWE: 1.310 million[25][64] DEN: 2.430 million[29] MEX: 1.170 million[51] BEL: 295,000[35] AUT: 112,500[36] POL: 390,000[37] NZ: 525,000[38] POR: 315,000[127]",170 million[151],2009[150]
1,Garth Brooks,United States,1989–present[152],,Country[152],"Total available certified units: 165.3 million US: 158.4 million[11] UK: 520,000[14] CAN: 5.730 million[17] AUS: 595,000[a][18][153] IRE: 120,000[a][104]",170 million[154],1989[152]
2,Kanye West,United States,1996–present[155],,Hip-hop / electronic / pop[155],"Total available certified units: 225.6 million US: 193.050 million[11] JPN: 200,000[156] GER: 1.750 million[13] UK: 24.160 million[14] FRA: 225,000[16] CAN: 1.180 million[17] AUS: 2.940 million[18] ITA: 515,000[a][22] SWE: 300,000[64] DEN: 1.125 million[67][29][157] NZ: 170,000[38][39]",160 million[158],2003[155]
3,Justin Bieber,CanadaUnited States,2008–present[159],,Pop / teen pop / dance pop[159],"Total available certified units: 246.9 million US: 168 million[11] JPN: 850,000[12][58] GER: 5.8 million[13] UK: 31.085 million[14] FRA: 1.531 million[16] CAN: 8.180 million[17] AUS: 7.735 million[18] BRA: 1 million[20] ITA: 2.810 million[22] SPA: 1.320 million[23] SWE: 2.675 million[25][64] NOR: 3.520 million[110] DEN: 4.890 million[29] SWI: 135,000[30] MEX: 4.380 million[51] BEL: 630,000[35] AUT: 230,000[36] POL: 720,000[37] NZ: 1.170 million[38] POR: 270,000[127]",150 million[160],2009[159]
4,Ed Sheeran,United Kingdom,2004–present[161],,Pop / folk pop[161],"Total available certified units: 208.1 million US: 85 million[11] JPN: 350,000[12][58] GER: 12.050 million[13] UK: 66.020 million[14] FRA: 2.690 million[16] CAN: 11.380 million[17] AUS: 10.715 million[18] BRA: 400,000[20] NLD: 370,000[21] ITA: 4.370 million[22] SPA: 1.180 million[23] SWE: 1.6 million[64] NOR: 395,000[110] DEN: 5.480 million[29] SWI: 675,000[30] MEX: 270,000[51] BEL: 860,000[35] AUT: 670,000[36] POL: 1.830 million[37] NZ: 1.605 million[38] POR: 285,000[127]",150 million[162],2011[161]
5,Billy Joel,United States,1964–present[163],,Pop / rock[163],"Total available certified units: 119.7 million US: 102.350 million[11] JPN: 2 million[a][12][164] GER: 1.250 million[a][13] UK: 7.615 million[a][14] FRA: 925,000[a][15][16][59] CAN: 3.275 million[a][17] AUS: 1.687[a][18][19] NLD: 350,000[a][21] AUT: 125,000[a][36] NZ: 162,500[a][38]",150 million[165],1971[163]
6,U2,Ireland,1976–present[166],,Rock[166],"Total available certified units: 112.7 million US: 53.1 million[11] JPN: 1.450 million[a][12] GER: 5.625 million[13] UK: 21.545 million[14] FRA: 5.325 million[15][16] CAN: 7.155 million[17] AUS: 4.622 million[a][18][19][167] BRA: 2.675 million[a][20] NLD: 945,000[21] ITA: 1 million[a][22] SPA: 2.295 million[23][24][46][47][63] SWE: 515,000[a][25] NOR: 150,000[a][26] DEN: 733,000[a][66][67][29][76][168] SWI: 771,000[a][30][65] MEX: 835,000[a][51] ARG: 806,000[31][32] BEL: 750,000[a][34][35] AUT: 522,500[a][36] POL: 370,000[a][37] FIN: 235,460[52] IRE: 316,000[a][104] NZ: 775,000[38][39] POR: 193,000[a][40][127]",150 million[169],1980[166]
7,Barbra Streisand,United States,1960–present[170],,Pop / adult contemporary[170],"Total available certified units: 98.3 million US: 82.450 million[11] GER: 750,000[a][13] UK: 5.825 million[a][14] FRA: 3.150 million[a][15][16][59] CAN: 2.650 million[a][17] AUS: 2.222 million[a][18] NLD: 710,000[a][21] SPA: 150,000[a][63] SWE: 120,000[25][64] FIN: 186,501[a][52] NZ: 142,500[a][38]",150 million[171],1963[170]
8,Aerosmith,United States,1970–present[172],,Hard rock[172],"Total available certified units: 98.1 million US: 81.250 million[11] JPN: 2.7 million[a][12][58] GER: 2 million[a][13] UK: 4.910 million[14] FRA: 225,000[15][16][59] CAN: 3.950 million[a][17] AUS: 365,000[a][18][173] BRA: 600,000[a][20] NLD: 200,000[a][21] ITA: 125,000[a][22] SPA: 200,000[a][23][47] SWE: 260,000[a][25] NOR: 150,000[a][26] DEN: 195,000[a][29] SWI: 145,000[a][30] MEX: 230,000[a][51] ARG: 338,000[a][31][32] AUT: 125,000[a][36] POL: 100,000[a][37] FIN: 101,722[52]",150 million[174],1973[172]
9,Phil Collins,United Kingdom,"1980–2011, 2015–present[175]",,Rock / progressive rock / adult contemporary[175],"Total available certified units: 95.4 million US: 43.350 million[11] JPN: 800,000[a][12] GER: 14.3 million[13] UK: 16.250 million[14] FRA: 6.410 million[15][16][59] CAN: 3.875 million[17] AUS: 1.595 million[a][18][19] BRA: 1.370 million[a][20] NLD: 1.150 million[21] ITA: 425,000[a][22][65] SPA: 2.150 million[23][24][47][63] SWE: 245,000[a][25] DEN: 280,000[a][29][176] SWI: 973,000[a][30] ARG: 1.144 million[31][32] BEL: 355,000[a][34][35] AUT: 465,000[a][36] FIN: 182,581[52] NZ: 140,000[38][39]",150 million[177],1981[175]
10,ABBA,Sweden,"1972–1982, 2016-present[178]",,Pop / disco[178],"Total available certified units: 65.9 million US: 12.7 million[11] JPN: 1.5 million[a][58][179][180] GER: 10.7 million[a][13] UK: 22.640 million[a][14] FRA: 2.750 million[a][15][16][59] CAN: 2.785 million[a][17] AUS: 5.627 million[a][18][181] BRA: 275,000[a][20] NLD: 1.390 million[a][21] ITA: 175,000[a][22] SPA: 1.005 million[a][23][46] SWE: 800,000[a][25] DEN: 825,000[a][29][182][183][184] SWI: 600,000[a][30] MEX: 260,000[a][51] ARG: 238,000[a][31][32] BEL: 380,000[a][34][35] AUT: 175,000[a][36] POL: 220,000[a][37] FIN: 656,319[52] NZ: 297,500[a][39][185][186]",150 million[187]100 million[188],1972[178]
11,Katy Perry,United States,2001–present[189],,Pop[189],"Total available certified units: 159.6 million US: 117.9 million[11] JPN: 400,000[12][58] GER: 4 million[13] UK: 17.710 million[14] FRA: 867,000[16] CAN: 6.360 million[17] AUS: 6.840 million[18] BRA: 685,000[20] ITA: 930,000[a][22] SPA: 180,000[23] SWE: 600,000[25][64] NOR: 850,000[110] DEN: 370,000[66][29] SWI: 160,000[30] MEX: 1.080 million[51] BEL: 135,000[35] AUT: 247,500[36] NZ: 360,000[38][39]",143 million[190],2008[189]
12,Chris Brown,United States,2005–present[191],,Pop / R&B / hip-hop[191],"Total available certified units: 191.2 million US: 160.050 million[11] JPN: 500,000[58] GER: 800,000[13] UK: 18.880 million[14] CAN: 1.790 million[17] AUS: 5.985 million[18] BRA: 630,000[20] ITA: 140,000[22] SWE: 370,000[64] NOR: 315,000[110] DEN: 852,500[29] MEX: 540,000[51] NZ: 422,500[38][39]",140 million[192],2005[191]
13,Bruce Springsteen,United States,1972–present[193],,Rock[193],"Total available certified units: 107.2 million US: 76.150 million[11] JPN: 400,000[a][12] GER: 4.425 million[a][13] UK: 10.350 million[14] FRA: 1.937 million[15][16][59] CAN: 3.2 million[a][17] AUS: 3.432 million[a][18] BRA: 100,000[a][20] NLD: 740,000[a][21] ITA: 695,000[a][22] SPA: 1.770 million[a][23][24][46][47][63] SWE: 810,000[a][25][64] NOR: 340,000[a][26][65] DEN: 555,000[a][66][29][86][194] SWI: 535,000[a][30][65] MEX: 280,000[a][51] BEL: 230,000[35][77] AUT: 290,000[a][36] FIN: 449,800[52] IRE: 189,500[a][104] NZ: 375,000[38][39]",135 million[195],1973[193]
14,Bruno Mars,United States,2004–present[196],,Pop rock / R&B[196],"Total available certified units: 195.2 million US: 146.5 million[11] JPN: 1.2 million[12][58] GER: 3.8 million[13] UK: 22 million[14] FRA: 1.950 million[16] CAN: 6.76 million[17] AUS: 6.615 million[18] NLD: 105,000[21] ITA: 1.135 million[a][22] SPA: 510,000[23] SWE: 440,000[25][64] DEN: 1.160 million[a][29][197] SWI: 415,000[30] MEX: 1.140 million[51] BEL: 360,000[35] AUT: 180,000[36] NZ: 667,500[38] PHL: 330,000[198]",130 million[199],2010[196]
15,Jay-Z,United States,1996–present[200],,Hip-hop[200],"Total available certified units: 127.4 million US: 104.7 million[11] JPN: 1.050 million[58] GER: 2.3 million[13] UK: 15.580 million[14] FRA: 650,000[16] CAN: 1.730 million[17] AUS: 1.330 million[18] BRA: 110,000[20] ITA: 335,000[a][22] SPA: 380,000[23] SWE: 210,000[25][64] DEN: 275,000[66][29] BEL: 100,000[35]",125 million[201],1996[200]
16,Metallica,United States,1981–present[202],,Heavy metal / thrash metal[202],"Total available certified units: 104.9 million US: 73.3 million[11] JPN: 900,000[a][12] GER: 10.025 million[13] UK: 5.135 million[14] FRA: 940,000[15][16] CAN: 3.885 million[17] AUS: 3.267 million[a][18][19][203] BRA: 380,000[a][20] NLD: 460,000[21] ITA: 230,000[a][22] SPA: 420,000[23][47][63] SWE: 675,000[a][25] NOR: 320,000[a][26][110] DEN: 365,000[29][67] SWI: 560,000[a][30] MEX: 430,000[a][51] ARG: 874,000[31][32] BEL: 385,000[a][34][35] AUT: 340,000[a][36] POL: 1.195 million[a][37] FIN: 530,676[52] NZ: 315,000[38][39]",125 million[204],1983[202]
17,Lady Gaga,United States,2005–present[205],,Pop / dance / electronic[205],"Total available certified units: 153.3 million US: 105 million[11] JPN: 5.4 million[12][58] GER: 4.5 million[13] UK: 18.385 million[14] FRA: 3.303 million[16] CAN: 3.6 million[17] AUS: 4.370 million[18] BRA: 470,000[20] NLD: 130,000[21] ITA: 1.590 million[a][22] SPA: 630,000[23] SWE: 680,000[25][64] NOR: 1.215 million[26][110] DEN: 935,000[67][29][28] SWI: 535,000[30] MEX: 420,000[51] BEL: 485,000[35] AUT: 227,500[36] POL: 730,000[37] IRE: 165,000[104] NZ: 472,500[38][39] POR: 120,000[40][127]",124 million[206],2008[205]
18,Lil Wayne,United States,1996–present[207],,Hip-hop[207],"Total available certified units: 163.8 million US: 155.5 million[11] GER: 300,000[13] UK: 6.2 million[14] FRA: 100,000[16] CAN: 360,000[17] AUS: 1.2 million[18] DEN: 190,000[29]",120 million[208],1999[207]
19,Maroon 5,United States,1994–present[209],,Pop rock / funk rock / dance-pop[209],"Total available certified units: 136.2 million US: 93.5 million[11] JPN: 2.150 million[12][58] GER: 3.150 million[13] UK: 16.2 million[14] FRA: 1.425 million[16] CAN: 5.965 million[17] AUS: 4.305 million[18] BRA: 1.050 million[20] ITA: 1.280 million[a][22] SPA: 350,000[a][23] SWE: 850,000[25][64] DEN: 1.037 million[a][29][67][66] MEX: 4.055 million[51] SWI: 100,000[30] BEL: 185,000[35] POL: 240,000[37] NZ: 450,000[38]",120 million[210],2002[209]
20,Adele,United Kingdom,2006–present[211],,Pop / soul[211],"Total available certified units: 119.6 million US: 61 million[11] JPN: 100,000[12] GER: 4.7 million[13] UK: 29.450 million[14] FRA: 105,000[16] CAN: 8.380 million[17] AUS: 4.130 million[18] BRA: 1.950 million[20] NLD: 380,000[21] ITA: 1.710 million[a][22] SPA: 800,000[23] SWE: 320,000[25][64] NOR: 835,000[26][110] DEN: 1.162 million[66][29] MEX: 2.230 million[51] SWI: 510,000[30] BEL: 795,000[35] POL: 300,000[37] FIN: 151,639[52] NZ: 637,500[38]",120 million[212],2008[211]
21,Fleetwood Mac,United Kingdom United States,1967–present[213],,Rock / pop[213],"Total available certified units: 90.3 million US: 56.250 million[11] GER: 3.5 million[a][13] UK: 21.585 million[a][14] FRA: 800,000[a][15][16] AUS: 3.327 million[a][18][19] CAN: 2.950 million[a][17] NLD: 590,000[a][21] SPA: 300,000[a][47][63] SWI: 100,000[a][30] DEN: 175,000[a][29] BEL: 100,000[a][35] NZ: 712,500[a][39][214][215]",120 million[216],1968[213]
22,Rod Stewart,United Kingdom,1964–present[217],,Rock / pop[217],"Total available certified units: 84.7 million US: 46.650 million[11] JPN: 500,000[a][12] GER: 4.050 million[a][13] UK: 20.690 million[a][14] FRA: 1.8 million[a][15][16][59] CAN: 4.055 million[a][17] AUS: 3.660 million[a][18][19] BRA: 980,000[a][20] NLD: 140,000[a][21] SPA: 290,000[a][23][24][46] SWE: 440,000[a][25] SWI: 100,000[a][30] ARG: 524,000[a][31][32] AUT: 175,000[a][36][77][65] POL: 220,000[a][37] IRE: 195,000[a][104] NZ: 285,000[a][38][39]",120 million[218],1969[217]
23,Bee Gees,United Kingdom Australia[219][220],1963–20032009–2012[221],,Pop / disco[221],"Total available certified units: 71.4 million US: 42.5 million[11] JPN: 300,000[a][12][222][223] GER: 7.175 million[a][13] UK: 10.165 million[a][14] FRA: 3.4 million[a][15][16][59] CAN: 3.215 million[a][17] AUS: 1.987 million[a][18] BRA: 350,000[a][20] ITA: 110,000[a][22] NLD: 540,000[a][21] SPA: 450,000[a][24][46][63] SWI: 415,000[a][30] ARG: 188,000[a][31][32] AUT: 125,000[a][36] POL: 100,000[a][37] NZ: 380,000[a][38][39]",120 million[224],1963[221]
0,Beyoncé,United States,1997–present[225],,R&B / pop[225],"Total available certified units: 102.5 million US: 66.450 million[11] JPN: 1.7 million[12][58] GER: 1.550 million[13] UK: 22.970 million[14] FRA: 560,000[16][94] CAN: 1.675 million[17] AUS: 3.395 million[18] BRA: 920,000[20] ITA: 410,000[a][22] SPA: 1.310 million[a][23][227] SWE: 120,000[25][64] NOR: 115,000[26][110] DEN: 634,000[67][29][86][28][228][229] SWI: 165,000[30] MEX: 140,000[51] BEL: 135,000[35] POL: 110,000[37] NZ: 230,000[38][39]",118 million[230],2002[225][226]
1,Nicki Minaj,United States,2008–present[231],,Hip-hop / pop[231],"Total available certified units: 141 million US: 106.600 million[11] JPN: 450,000[58] GER: 2.450 million[13] UK: 17.4 million[14] FRA: 1.099 million[16] CAN: 2.6 million[17] AUS: 3.885 million[18] BRA: 310,000[20] ITA: 775,000[22] SPA: 580,000[23] SWE: 420,000[25][64] NOR: 595,000[110] DEN: 340,000[29] SWI: 120,000[30] MEX: 3.210 million[51] NZ: 247,500[38]",100 million[232],2010[231]
2,Coldplay,United Kingdom,1996–present[233],,Alternative rock / pop rock / pop[233],"Total available certified units: 101.9 million US: 37.6 million[11] JPN: 750,000[12][58] GER: 5.050 million[13] UK: 34.505 million[14] FRA: 3.153 million[16] CAN: 3.665 million[17] AUS: 4.075 million[18] BRA: 360,000[20] NLD: 410,000[21] ITA: 3.345 million[a][22] SPA: 1.030 million[23] SWE: 750,000[25][64] NOR: 260,000[26][110] DEN: 1.509 million[66][29] SWI: 570,000[30] MEX: 2.250 million[51] ARG: 528,000[31][32] BEL: 765,000[35] AUT: 197,500[36] POL: 420,000[a][37] IRE: 210,000[a][104] NZ: 345,000[38] POR: 179,000[a][40][127][234]",100 million[235],1999[233]
3,Red Hot Chili Peppers,United States,1983–present[236],,Funk rock / alternative rock[236],"Total available certified units: 98.5 million US: 66.250 million[11] JPN: 2.6 million[a][12][58] GER: 3.450 million[13] UK: 13.995 million[14] FRA: 1.470 million[16] CAN: 2.020 million[17] AUS: 2.625 million[a][18][19][237] BRA: 1 million[a][20] NLD: 660,000[21] ITA: 710,000[a][22] SPA: 640,000[23][47][63] SWE: 390,000[a][25] DEN: 594,000[a][66][67][86][29] SWI: 405,000[a][30] MEX: 150,000[a][51] BEL: 195,000[a][35] ARG: 406,000[31][32] AUT: 247,500[a][36] POL: 245,000[a][37] FIN: 171,951[52] NZ: 285,000[38][39]",100 million[238],1987[236]
4,Linkin Park,United States,1996–present[239],,Alternative rock / nu metal / rap rock[239],"Total available certified units: 91.6 million US: 63.6 million[11] JPN: 1.550 million[12][58] GER: 6.2 million[13] UK: 12.085 million[14] FRA: 1.025 million[16] CAN: 1.330 million[17] AUS: 1.485 million[18] BRA: 670,000[20] ITA: 960,000[a][22] SPA: 200,000[23] SWE: 165,000[25][64] DEN: 510,000[66][29] SWI: 435,000[30] MEX: 225,000[51] ARG: 108,000[31][32] BEL: 140,000[35] AUT: 260,000[36] POL: 220,000[37] FIN: 120,469[52] NZ: 260,000[38][39] POR: 130,000[a][40][127][234]",100 million[240],2000[239]
5,Bon Jovi,United States,1983–present[241],,Hard rock / glam metal[241],"Total available certified units: 87.4 million US: 49.9 million[11] JPN: 4.4 million[a][12][58] GER: 5.650 million[13] UK: 11.190 million[14] FRA: 825,000[15][16][59] CAN: 4.735 million[17] AUS: 3.695 million[a][18][242][243] BRA: 435,000[a][20] NLD: 710,000[21] ITA: 190,000[a][22] SPA: 1.620 million[23][24][46][47][63] SWE: 365,000[a][25][64] DEN: 125,000[a][67][29] SWI: 1.275 million[a][30] MEX: 250,000[a][51] ARG: 358,000[31][32] BEL: 290,000[a][34][35] AUT: 725,000[a][36] POL: 120,000[a][37] FIN: 422,500[52] NZ: 210,000[38][39]",100 million[244],1983[241]
6,B'z,Japan,1988–present[245],,Rock / pop rock / hard rock[245],Total available certified units: 86.1 million JPN: 86.150 million[a][12][58][121],100 million[246],1988[245]
7,Britney Spears,United States,1998–present[247],,Pop / dance / dance-pop[247],"Total available certified units: 86.1 million US: 46.2 million[11] JPN: 2.1 million[12][133] GER: 5.350 million[13] UK: 14.150 million[14] FRA: 3.732 million[15][16][59] CAN: 3.680 million[17] AUS: 3.165 million[18] BRA: 380,000[20] NLD: 665,000[21] ITA: 280,000[a][22] SPA: 990,000[23][47][63] SWE: 1.010 million[25][64] NOR: 220,000[26][110] DEN: 440,000[a][66][67][248] SWI: 485,000[30] MEX: 1.175 million[a][51] ARG: 248,000[31][32] BEL: 935,000[34][35] AUT: 365,000[36] POL: 210,000[37] FIN: 143,627[52] NZ: 240,000[38][39]",100 million[249],1998[247]
8,Pink,United States,1995–present[250],,Pop / pop rock / R&B[250],"Total available certified units: 85.7 million US: 34.225 million[11] JPN: 400,000[12] GER: 5.825 million[13] UK: 20.065 million[14] FRA: 1.198 million[16][59] CAN: 7.210 million[17] AUS: 10.5 million[18] BRA: 1.530 million[20] NLD: 215,000[21] ITA: 450,000[a][22] SWE: 710,000[25] NOR: 215,000[26][110] DEN: 426,500[66][29] SWI: 675,000[30] MEX: 720,000[51] BEL: 235,000[35] AUT: 447,500[36] POL: 220,000[37] NZ: 532,500[38][39]",100 million[251],2000[250]
9,George Strait,United States,1981–present[252],,Country[252],"Total available certified units: 85.3 million US: 84.650 million[11] CAN: 745,000[17]",100 million[253],1984[252]
10,Shania Twain,Canada,1993–present[254],,Country pop[254],"Total available certified units: 80.2 million US: 56.5 million[11] JPN: 400,000[12][58] GER: 1.750 million[13] UK: 7.955 million[14] FRA: 975,000[16][59] CAN: 6.880 million[17] AUS: 2.360 million[a][18] BRA: 475,000[20] NLD: 540,000[21] SPA: 100,000[63] SWE: 330,000[25] NOR: 430,000[26] DEN: 210,000[a][66][29] SWI: 310,000[30] MEX: 100,000[a][51] ARG: 120,000[31] BEL: 250,000[a][34][35] AUT: 115,000[36] NZ: 402,500[38][39]",100 million[255],1993[254]
11,Guns N' Roses,United States,1985–present[256],,Hard rock / heavy metal[256],"Total available certified units: 80 million US: 48.5 million[11] JPN: 1.7 million[a][12] GER: 4.1 million[13] UK: 9.250 million[14] FRA: 1 million[16] CAN: 3.520 million[17] AUS: 3.190 million[a][18][19][130] BRA: 1.9 million[a][20] NLD: 705,000[21] ITA: 750,000[a][22] SPA: 450,000[23][24][46] SWE: 485,000[25] NOR: 250,000[a][26] DEN: 530,000[a][29][257] SWI: 365,000[a][30] MEX: 760,000[a][51] ARG: 1.248 million[a][31][32] BEL: 165,000[a][34][35] AUT: 365,000[36] POL: 160,000[a][37] IRE: 105,000[a][104] FIN: 267,540[52] NZ: 270,000[38][39]",100 million[258],1987[256]
12,Backstreet Boys,United States,1993–present[259],,Pop[259],"Total available certified units: 78 million US: 44.5 million[11] JPN: 5.4 million[12][58][260] GER: 7 million[13] UK: 5.075 million[14] FRA: 325,000[15][16] CAN: 3.630 million[17] AUS: 2.485 million[a][18] BRA: 1.625 million[20] NLD: 830,000[21] SPA: 1.850 million[47][63] SWE: 655,000[25] NOR: 140,000[26] DEN: 465,000[a][261][262][29] SWI: 415,000[30] MEX: 1.475 million[a][51] ARG: 740,000[31] BEL: 450,000[a][34][35] AUT: 325,000[36] POL: 300,000[37] FIN: 171,390[52] NZ: 132,500[38]",100 million[263],1995[259]
13,Eric Clapton,United Kingdom,1962–present[264],,Rock / blues[264],"Total available certified units: 71.5 million US: 47.7 million[11] JPN: 3.950 million[a][12] GER: 3.030 million[13] UK: 7.790 million[a][14] FRA: 1.475 million[a][15][16][59] CAN: 2.275 million[a][17] AUS: 1.115 million[a][18] BRA: 715,000[a][20] NLD: 745,000[a][21] ITA: 120,000[a][22] SPA: 700,000[a][46][47][63] SWE: 320,000[a][25][64] SWI: 385,000[a][30] ARG: 420,000[a][31][32] BEL: 125,000[a][35] AUT: 285,000[a][36] POL: 145,000[37] FIN: 129,679[a][52] NZ: 102,500[a][38]",100 million[265],1970[264]
14,Neil Diamond,United States,1966–present[266],,Pop / rock[266],"Total available certified units: 69.9 million US: 55.9 million[11] GER: 1 million[a][13] UK: 8.270 million[a][14] FRA: 400,000[a][15] CAN: 1.725 million[a][17] AUS: 2.190 million[a][18][267] NLD: 250,000[a][21] SPA: 100,000[a][46] NZ: 132,500[a][38][39]",100 million[268],1966[266]
15,Prince,United States,1976–2016[269],,Funk / R&B / pop / soul / rock[269],"Total available certified units: 65.5 million US: 48.950 million[11] JPN: 300,000[a][12] GER: 2.4 million[13] UK: 7.445 million[14] FRA: 2.110 million[15][16] CAN: 1 million[17] AUS: 1.120 million[a][18][19] NLD: 670,000[a][21] SPA: 700,000[a][24][46][47][63] SWE: 100,000[25] DEN: 120,000[a][29] SWI: 300,000[a][30][65] AUT: 150,000[a][36][65] NZ: 182,500[a][38]",100 million[270],1978[269]
16,Paul McCartney,United Kingdom,1960–present[271],,Rock[271],"Total available certified units: 64.7 million US: 43.450 million[11] JPN: 500,000[a][12] GER: 1.925 million[a][13] UK: 13.725 million[a][14] FRA: 1.305 million[a][15][16][59] CAN: 1.955 million[a][17] AUS: 745,000[a][18][19] SPA: 640,000[a][24][46] SWE: 210,000[a][64][272] DEN: 255,000[a][67][29]",100 million[273],1970[271]
17,Santana,United States,1966–present[274],,Rock[274],"Total available certified units: 62.6 million US: 47.475 million[11] JPN: 400,000[a][12] GER: 2.4 million[a][13] UK: 3.280 million[a][14] FRA: 3.510 million[a][15][16][59] CAN: 1.660 million[a][17] AUS: 855,000[a][18] BRA: 375,000[a][20] NLD: 540,000[a][21] SPA: 450,000[a][47][63] SWE: 125,000[a][25] SWI: 375,000[a][30] MEX: 405,000[a][51] ARG: 158,000[a][31][32] BEL: 190,000[a][34][35] AUT: 145,000[a][36] POL: 205,000[a][37] NZ: 135,000[a][38][39]",100 million[275],1969[274]
18,Kenny Rogers,United States,1958–2020[276],,Country / pop[276],"Total available certified units: 62.4 million US: 54.050 million[11] JPN: 100,000[a][277] UK: 3.320 million[14] CAN: 4.6 million[17] AUS: 175,000[a][18] SPA: 100,000[a][46] NZ: 130,000[a][38]",100 million[278],1975[276]
19,Simon & Garfunkel,United States,1956–2004[279],,Folk rock[279],"Total available certified units: 61.7 million US: 42.6 million[11] JPN: 700,000[a][12] GER: 2.325 million[a][13] UK: 9 million[a][14] FRA: 3.9 million[a][15] CAN: 1.425 million[a][17] AUS: 390,000[a][18][19] NLD: 300,000[a][21] ITA: 125,000[a][22] SWE: 150,000[a][25] NOR: 140,000[a][26] SWI: 450,000[a][30] AUT: 100,000[a][36] FIN: 163,350[a][52]",100 million[280],1964[279]
20,Janet Jackson,United States,1982–present[281],,R&B / pop[281],"Total available certified units: 52.8 million US: 39.750 million[11] JPN: 1.6 million [a][12] GER: 1.4 million[13] UK: 4.960 million[14] FRA: 1.475 million[15][16][59] CAN: 1.460 million[17] AUS: 1.155 million[a][18][19] NLD: 400,000[21] SPA: 150,000[47][63] SWE: 105,000[a][25] SWI: 170,000[a][30] BEL: 175,000[a][34]",100 million[282],1982[281]
21,Julio Iglesias,Spain,1968–present[283],,Latin[283],"Total available certified units: 51.6 million US: 11 million[11] JPN: 800,000[a][284] GER: 250,000[a][13] UK: 1.620 million[a][14][284] FRA: 6.1 million[15][16][59][284] CAN: 1.5 million[17] AUS: 505,000[a][18][284] BRA: 12.475 million[a][20][284] NLD: 1.2 million[a][21][284] ITA: 435,000[a][22][284] SPA: 8.8 million[a][23][24][46][47][63][284] SWE: 290,000[a][25][284] MEX: 2.975 million[a][51][284] ARG: 3.220 million[a][31][284][33] BEL: 125,000[a][284][35] FIN: 131,636[a][52] POR: 268,000[a][40][65][284][285]",100 million[286],1968[283]
22,Dire Straits,United Kingdom,1977–1995[287],,Rock[287],"Total available certified units: 51.5 million US: 15.5 million[11] GER: 3.750 million[13] UK: 13.625 million[14] FRA: 7.305 million[15][16] CAN: 2.575 million[17] AUS: 2.190 million[a][18][19] BRA: 175,000[a][20] NLD: 900,000[21] ITA: 1.135 million[a][22][65] SPA: 1.380 million[a][23][24][46][47] SWE: 360,000[a][25] DEN: 430,000[a][67][66][29] SWI: 1 million[a][30] BEL: 175,000[a][34][35][77] AUT: 400,000[a][36][65] FIN: 471,530[52] NZ: 155,000[a][39]",100 million[288],1978[287]
23,The Doors,United States,1965–1973[289],,Psychedelic rock[289],"Total available certified units: 49.2 million US: 37.6 million[11] GER: 1.750 million[a][13] UK: 2.640 million[a][14] FRA: 2.2 million[a][15][16] CAN: 2.780 million[a][17] AUS: 1.267 million[a][18] BRA: 100,000[20] ITA: 230,000[a][22] SPA: 300,000[a][46][63] SWI: 125,000[a][30] ARG: 150,000[a][31] AUT: 125,000[a][36][77]",100 million[290],1967[289]
24,Chicago,United States,1967–present[291],,Rock / pop[291],"Total available certified units: 48.5 million US: 44.150 million[11] JPN: 400,000[a][12][292] GER: 250,000[a][13] UK: 1.490 million[a][14] FRA: 100,000[a][15] CAN: 1.865 million[17] AUS: 105,000[a][18] NLD: 100,000[a][21] SPA: 100,000[a][24]",100 million[293],1969[291]
25,Bob Dylan,United States,1959–present[294],,Folk / rock[294],"Total available certified units: 47.2 million US: 35.6 million[11] GER: 625,000[a][13] UK: 7.390 million[a][14] FRA: 800,000[a][15][16] CAN: 1.5 million[a][17] AUS: 690,000[a][18] ITA: 125,000[a][22] NOR: 250,000[a][26] SWI: 175,000[a][30] NZ: 105,000[a][38]",100 million[295],1963[294]
26,Cher,United States,1964–present[296],,Pop / rock / dance / folk[296],"Total available certified units: 43.1 million US: 21.9 million[11] JPN: 100,000[a][12] GER: 4.175 million[a][13] UK: 8.290 million[a][14] FRA: 1.525 million[a][16][59] CAN: 1.380 million[a][17] AUS: 1.530 million[a][18][297] BRA: 125,000[a][20] NLD: 375,000[a][21][298][299] ITA: 325,000[a][300][22] SPA: 600,000[a][47][63][300] SWE: 850,000[a][25][64] NOR: 115,000[a][26] DEN: 460,000[a][300][29] SWI: 295,000[a][30] MEX: 200,000[a][51] ARG: 106,000[a][31] BEL: 275,000[a][34] AUT: 250,000[a][36] POL: 100,000[a][37] NZ: 150,000[38][301]",100 million[302],1965[296]
27,Def Leppard,United Kingdom,1977–present[303],,Hard rock / heavy metal[303],"Total available certified units: 42.6 million US: 36.150 million[11] JPN: 300,000[a][12] UK: 2.120 million[14] FRA: 200,000[15] CAN: 2.995 million[17] AUS: 407,500[19][304] SWE: 150,000[a][25] SWI: 125,000[a][30] MEX: 200,000[a][51]",100 million[305],1979[303]
28,Genesis,United Kingdom,1967–19992006–present[306],,Progressive rock / pop rock[306],"Total available certified units: 40.3 million US: 21.650 million[11] JPN: 100,000[a][12] GER: 5.875 million[a][13] UK: 7.565 million[a][14] FRA: 3.260 million[a][15][16] CAN: 805,000[a][17] NLD: 300,000[a][21] SPA: 250,000[a][23][24][46] SWE: 100,000[a][25] SWI: 450,000[a][30][65]",100 million[307],1969[306]
29,David Bowie,United Kingdom,1962–2016[308],,Art rock / glam rock / pop[308],"Total available certified units: 38.8 million US: 13.7 million[11] JPN: 200,000[a][12] GER: 525,000[a][13] UK: 17.395 million[a][14] FRA: 2.430 million[a][15][16][59] CAN: 2.315 million[a][17] AUS: 845,000[a][18][75] NLD: 465,000[a][21] ITA: 470,000[a][22] SPA: 170,000[a][23][24][46] DEN: 155,000[a][29] NZ: 142,500[a][38]",100 million[309],1967[308]
30,Stevie Wonder,United States,1961–present[310],,Funk / R&B / soul[310],"Total available certified units: 38.3 million US: 21.650 million[11] JPN: 1.050 million[a][12] GER: 750,000[a][13] UK: 11.245 million[a][14] FRA: 1.4 million[a][15][59] CAN: 1.550 million[17] NLD: 250,000[a][21] ITA: 100,000[a][22] SPA: 250,000[a][46] DEN: 135,000[a][29]",100 million[311],1962[310]
31,James Taylor,United States,1968–present[312],,Rock / pop[312],"Total available certified units: 36.5 million US: 35.250 million[11] UK: 1.055 million[a][14] CAN: 100,000[a][17] AUS: 100,000[a][18]",100 million[313],1970[312]
32,Olivia Newton-John,Australia,1966–present[314],,Pop[314],"Total available certified units: 36.1 million US: 27 million[11] JPN: 100,000[a][12] GER: 500,000[a][13] UK: 3.950 million[a][14] FRA: 1 million[59] CAN: 3.025 million[a][17] AUS: 450,000[a][18][19][315] NLD: 150,000[a][21]",100 million[316],1966[314]
33,Tina Turner,United States,1958–2009[317],,Rock / pop[318],"Total available certified units: 35.6 million US: 12.7 million[11] GER: 6.3 million[13] UK: 9.635 million[14] FRA: 1.135 million[15][16][59] CAN: 1.6 million[17] AUS: 480,000[a][18][19] NLD: 565,000[a][21] SPA: 700,000[a][23][24][46][47] SWE: 330,000[a][25] NOR: 185,000[a][26] SWI: 675,000[a][30] BEL: 190,000[a][34][35] AUT: 745,000[a][36][77] POL: 140,000[a][37] FIN: 241,954[52]",100 million[319],1960[318]
34,Linda Ronstadt,United States,1967–present[320],,Rock / folk / country[320],"Total available certified units: 33.2 million US: 31.5 million[11] UK: 435,000[a][14] FRA: 100,000[a][15] CAN: 500,000[a][17] AUS: 665,000[a][18]",100 million[321],1968[320]
35,The Beach Boys,United States,1961–present[322],,Rock / pop / surf rock[322],"Total available certified units: 32.3 million US: 25.6 million[11] GER: 250,000[a][13] UK: 5.210 million[a][14] FRA: 400,000[a][15][16][59] CAN: 100,000[a][17] AUS: 492,500[a][18][19] SPA: 250,000[a][46][47]",100 million[323],1962[322]
36,Donna Summer,United States,1968–2012[324],,Pop / disco / R&B[324],"Total available certified units: 31.3 million US: 24.5 million[11] UK: 4.055 million[a][14] FRA: 900,000[a][15][16] CAN: 1.550 million[a][17] BRA: 100,000[a][20] NLD: 100,000[a][21] SPA: 100,000[a][47]",100 million[325],1974[324]
0,Alicia Keys,United States,1996–present[326],,Hip-hop / R&B / pop[326],"Total available certified units: 76.7 million US: 58.050 million[11] JPN: 1.050 million[12][58] GER: 2.050 million[13] UK: 8.620 million[14] FRA: 1.127 million[16] CAN: 1.6 million[17] AUS: 1.820 million[18] NLD: 460,000[21] ITA: 310,000[a][22] SPA: 260,000[23] SWE: 200,000[25][64] DEN: 277,500[a][29][66] SWI: 275,000[30] MEX: 240,000[51] BEL: 185,000[35] AUT: 115,000[36] POL: 100,000[37]",90 million[327],2001[326]
1,The Carpenters,United States,1969–1983[328],,Pop[328],"Total available certified units: 46.7 million US: 34.6 million[11] JPN: 3.050 million[a][12][139][329] GER: 250,000[a][13] UK: 8.450 million[a][14] CAN: 275,000[a][17] BRA: 100,000[a][20]",90 million[330],1969[328]
2,"Earth, Wind & Fire",United States,1969–present[331],,Funk / R&B / soul[331],"Total available certified units: 43.8 million US: 37.7 million[11] JPN: 500,000[a][12][332][333] UK: 3,785 million[14] FRA: 500,000[15][16] CAN: 360,000[17] AUS: 350,000[a][18] NLD: 250,000[a][21] DEN: 180,000[a][29] MEX: 210,000[a][51]",90 million[334],1971[331]
3,Lionel Richie,United States,1968–present[335],,Pop / R&B[335],"Total available certified units: 42.9 million US: 28.650 million[11] GER: 1.050 million[a][13] UK: 8.055 million[a][14] FRA: 1.4 million[a][15][16] CAN: 2.380 million[a][17] AUS: 260,000[a][18][336] BRA: 100,000[a][20] NLD: 605,000[21] SPA: 150,000[24][46] SWI: 170,000[a][30][65] BEL: 100,000[77]",90 million[337],1981[335]
4,Johnny Cash,United States,1954–2003[338],,Country / rock and roll / gospel[338],"Total available certified units: 31.8 million US: 25.7 million[11] GER: 550,000[a][13] UK: 4.610 million[a][14] CAN: 490,000[a][17] AUS: 522,500[a][18]",90 million[339],1956[338]
5,Justin Timberlake,United States,1992–present[340],,Pop / R&B / neo soul[340],"Total available certified units: 76.5 million US: 46.2 million[11] JPN: 200,000[12][58] GER: 3.350 million[13] UK: 16.320 million[14] FRA: 678,000[16][59] CAN: 3.2 million[17] AUS: 2.520 million[18] BRA: 105,000[20] NLD: 105,000[21] ITA: 520,000[a][22] SPA: 220,000[63] SWE: 560,000[25] DEN: 842,500[66][29] SWI: 250,000[30] MEX: 710,000[51] BEL: 325,000[35] POL: 220,000[37] NZ: 202,500[38]",88 million[341],2002[340]
6,Ariana Grande,United States,2008–present[342],,Pop / R&B[342],"Total available certified units: 135.3 million US: 87 million[11] JPN: 1.3 million[12][58] GER: 2.5 million[13] UK: 21 million[14] FRA: 1.674 million[16] CAN: 7.320 million[17] AUS: 3.995 million[18] BRA: 1.560 million[20] NLD: 140,000[21] ITA: 1.330 million[22] SPA: 340,000[63] SWE: 710,000[25] NOR: 2.590 million[110] DEN: 1.195 million[29] MEX: 810,000[51] BEL: 270,000[35] POL: 910,000[37] NZ: 495,000[38] POR: 180,000[127]",85 million[343],2013[342]
7,R.E.M.,United States,1980–2011[344],,Alternative rock[344],"Total available certified units: 45.3 million US: 21.650 million[11] GER: 4.275 million[13] UK: 10.460 million[14] FRA: 1.450 million[15][16] CAN: 2.650 million[17] AUS: 1.030 million[a][18][19] BRA: 100,000[a][20] NLD: 100,000[21] ITA: 255,000[a][22] SPA: 1.1 million[23][24][47][63] SWE: 500,000[a][25] NOR: 135,000[a][26] DEN: 290,000[a][66][67][29] SWI: 450,000[a][30] ARG: 158,000[a][31][32] BEL: 210,000[a][34][35] AUT: 350,000[a][36] IRE: 127,500[a][104] NZ: 105,000[38]",85 million[345],1983[344]
8,Flo Rida,United States,2007–present[346],,Hip-hop / hip house /EDM[346],"Total available certified units: 84.4 million US: 58.5 million[11] JPN: 650,000[a][12][58] GER: 4.1 million[13] UK: 11.260 million[14] FRA: 225,000[16] CAN: 3.090 million[17] AUS: 3.605 million[a][18] ITA: 515,000[a][22] SPA: 140,000[63] SWE: 780,000[25] SWI: 420,000[30] DEN: 375,000[a][29] MEX: 330,000[a][51] AUT: 210,000[36] NZ: 247,500[38][39]",80 million[347],2007[346]
9,Tim McGraw,United States,1990–present[348],,Country[348],"Total available certified units: 73.8 million US: 72.150 million[11] UK: 200,000[14] CAN: 1.535 million[17]",80 million[349],1994[348]
10,Van Halen,United States,1978–2020[350],,Hard rock / heavy metal[350],"Total available certified units: 65.2 million US: 57.8 million[11] JPN: 1.3 million[a][12][133] GER: 1.5 million[13] UK: 1.180[14] FRA: 400,000[15] CAN: 2.450 million[17] AUS: 175,000[a][18] BRA: 200,000[a][20] NLD: 200,000[21]",80 million[351],1978[350]
11,Journey,United States,1973–present[352],,Rock / soft rock[352],"Total available certified units: 65.1 million US: 60.7 million[11] JPN: 300,000[a][12][353] UK: 3 million[14] CAN: 725,000[17] AUS: 420,000[a][18]",80 million[354],1975[352]
12,Ayumi Hamasaki,Japan,1998–present[355],,J-pop / pop / dance / electronic[355],Total available certified units: 64.5 million JPN: 64.5 million[12][58][121],80 million[356][357],1998[355]
13,George Michael,United Kingdom,1981–2016[358],,Pop[358],"Total available certified units: 52 million US: 20.8 million[11] JPN: 300,000[a][12] GER: 2.4 million[13] UK: 16.510 million[14] FRA: 3.217 million[15][16][59] CAN: 1.870 million[17] AUS: 2.205 million[a][18][19] BRA: 390,000[a][20] NLD: 1.190 million[21] SPA: 850,000[23][24][46][47][63] SWE: 310,000[a][25] NOR: 160,000[a][26][65] DEN: 490,000[66][29][86][359] SWI: 335,000[a][30] ARG: 118,000[31][32] BEL: 315,000[a][34][35] AUT: 140,000[a][36] POL: 340,000[a][37] NZ: 140,000[38][39]",80 million[360],1984[358]
14,Foreigner,United StatesUnited Kingdom,1976–present[361],,Rock / hard rock[361],"Total available certified units: 50.2 million US: 45.1 million[11] GER: 1.5 million[13] UK: 2.1 million[14] FRA: 400,000[15][16] CAN: 700,000[17] AUS: 140,000[a][18] NLD: 150,000[21] SWI: 125,000[a][30]",80 million[362],1977[361]
15,Meat Loaf,United States,1968–present[363],,Rock / hard rock[363],"Total available certified units: 45.5 million US: 25.6 million[11] GER: 2.350 million[13] UK: 10.965 million[14] CAN: 3.380 million[17] AUS: 2.522 million[a][18][19] NLD: 425,000[21] SWE: 100,000[a][25] SWI: 115,000[a][30] AUT: 100,000[a][36]",80 million[364],1977[363]
16,Tom Petty,United States,1976–2017[365],,Rock[365],"Total available certified units: 35.8 million US: 31.750 million[11] GER: 500,000[13] UK: 1.660 million[14] CAN: 1.7 million[17] SWE: 200,000[a][25]",80 million[366],1977[365]
17,Johnny Hallyday,France,1957–2017[367],,Rock / pop[367],"Total available certified units: 28.8 million FRA: 28.070 million million[a][15][16][59][94][368] SWI: 268,000[a][30] BEL: 540,000[a][34][35]",80 million[369],1960[367]
0,The Weeknd,Canada,2010–present[370],,Pop / R&B[370],"Total available certified units: 162.9 million US: 113.360 million[11] GER: 4 million[13] UK: 20.120 million[14] FRA: 1.916 million[16] CAN: 9.360 million[17] AUS: 3.465 million[18] BRA: 260,000[20] ITA: 1.440 million[22] SPA: 660,000[23] SWE: 2.100 million[64] NOR: 910,000[110] DEN: 2.405 million[29] MEX: 960,000[51] BEL: 490,000[35] AUT: 120,000[36] POL: 740,000[37] NZ: 397,500[38] POR: 225,000[127]",75 million[371],2013[370]
1,Luke Bryan,United States,2001–present[372],,Country / country pop[373],Total available certified units: 82.5 million US: 80.5 million[11] CAN: 2.040 million[17],75 million[374],2007[373]
2,Usher,United States,1991–present[373],,R&B / pop[373],"Total available certified units: 68.7 million US: 47.515 million[11] JPN: 750,000[12][58] GER: 1.150 million[13] UK: 12.525 million[14] FRA: 210,000[16] CAN: 1.810 million[17] AUS: 3.942 million[18] ITA: 125,000[a][22] SWE: 105,000[25][64] DEN: 337,500[a][29][67] SWI: 170,000[30] NZ: 150,000[38]",75 million[375],1994[373]
3,Christina Aguilera,United States,1993–present[376],,R&B / pop / rock[376],"Total available certified units: 67.3 million US: 44.7 million[11] JPN: 600,000[12][58] GER: 2.075 million[13] UK: 10.270 million[14] FRA: 575,000[16] CAN: 3.020 million[17] AUS: 2.620 million[18] BRA: 100,000[20] NLD: 170,000[21] ITA: 215,000[a][22] SPA: 310,000[a][23][63] SWE: 500,000[25][64] DEN: 400,500[a][67][29][86] SWI: 225,000[30] MEX: 885,000[51] ARG: 100,000[31] BEL: 240,000[35] AUT: 140,000[36] NZ: 195,000[38]",75 million[377],1998[376]
4,The Black Eyed Peas,United States,1995–present[378],,Hip-hop / R&B / dance[378],"Total available certified units: 66.8 million US: 34.430 million[11] JPN: 1.250 million[12][58] GER: 3.3 million[13] UK: 12.2 million[14] FRA: 3.1 million[16] CAN: 3.1 million[17] AUS: 3.882 million[18] BRA: 475,000[20] NLD: 160,000[21] ITA: 775,000[a][22] SPA: 660,000[23] SWE: 350,000[25][64] DEN: 226,000[a][29][86][28][66] SWI: 540,000[30] MEX: 1.160 million[a][51] BEL: 560,000[35] POL: 100,000[37] IRE: 135,000[a][104] NZ: 340,000[38][39] POR: 104,000[a][40][127]",75 million[379],1998[378]
5,Shakira,Colombia,1988–present[380],,Latin pop / pop / pop rock[380],"Total available certified units: 65.7 million US: 29.3 million[11] GER: 4.750 million[13] UK: 6.5 million[14] FRA: 3.902 million[16] CAN: 980,000[17] AUS: 1.640 million[18] BRA: 3.610 million[20] NLD: 380,000[21] ITA: 965,000[a][22] SPA: 3.460 million[23][47] SWE: 730,000[25][64] NOR: 165,000[26][110] DEN: 270,000[a][67][29][86][66] SWI: 855,000[30] MEX: 6.025 million[51] ARG: 736,000[31] BEL: 490,000[35] AUT: 355,000[36] POL: 235,000[37] FIN: 123,950[52] POR: 264,000[a][40][234]",75 million[381],1995[380]
6,Tupac Shakur,United States,1991–1996[382],,Hip-hop[382],"Total available certified units: 59.3 million US: 51.7 million[11] GER: 650,000[13] UK: 5.295 million[14] FRA: 100,000[16] CAN: 820,000[17] AUS: 430,000[18][383] NLD: 200,000[21] DEN: 155,000[a][29]",75 million[384],1991[382]
7,R. Kelly,United States,1989–2019[385],,R&B / soul / hip-hop[386],"Total available certified units: 56.6 million US: 46.9 million[11] GER: 1.4 million[13] UK: 6.320 million[14] FRA: 825,000[16] CAN: 300,000[17] AUS: 140,000[18] NLD: 365,000[21] SWI: 100,000[30] BEL: 275,000[34][35]",75 million[387],1991[386]
8,Nirvana,United States,1987–1994[388],,Grunge / alternative rock[388],"Total available certified units: 54.1 million US: 30.2 million[11] JPN: 1.3 million[a][12] GER: 1.5 million[13] UK: 8.370 million[14] FRA: 2.6 million[15][16] CAN: 2.970 million[17] AUS: 2.097 million[a][18][203][389][267][390] BRA: 725,000[a][20] NLD: 250,000[21] ITA: 460,000[a][22] SPA: 450,000[23][24][47] SWE: 380,000[25] NOR: 125,000[a][26] DEN: 325,000[a][29] SWI: 190,000[30] MEX: 475,000[a][51] ARG: 522,000[31][32] BEL: 425,000[a][34][35] AUT: 230,000[a][36] POL: 385,000[a][37] NZ: 215,000[38][39]",75 million[391],1990[388]
9,Kenny G,United States,1982–present[392],,Smooth jazz[392],"Total available certified units: 52.9 million US: 48.6 million[11] JPN: 700,000[a][12] UK: 360,000[14] CAN: 950,000[17] AUS: 525,000[a][18] BRA: 1.350 million[a][20] SPA: 450,000[24][47]",75 million[393],1984[392]
10,Enya,Ireland,1982–present[394],,New-age / Celtic[394],"Total available certified units: 51.7 million US: 26.5 million[11] JPN: 4.6 million[a][12] GER: 4.3 million[13] UK: 5.810 million[14] FRA: 775,000[15][16] CAN: 1.540 million[17] AUS: 1.680 million[a][18][19] BRA: 1.650 million[a][20] NLD: 730,000[21] SPA: 1.760 million[23][47] SWE: 390,000[25] DEN: 150,000[a][27][395][396][397] SWI: 370,000[a][30] MEX: 125,000[a][51] ARG: 390,000[31] BEL: 510,000[a][35] AUT: 185,000[a][36] POL: 120,000[a][37] NZ: 135,000[38]",75 million[398],1987[394]
11,Bryan Adams,Canada,1979–present[399],,Rock[399],"Total available certified units: 49 million US: 22 million[11] JPN: 650,000[a][12] GER: 4.450 million[13] UK: 10.175 million[14] FRA: 650,000[15][16][59] CAN: 5.120 million[17] AUS: 2.080 million[a][18][400] BRA: 100,000[a][20] NLD: 500,000[21] SPA: 450,000 [a][24][47][63] SWE: 440,000[a][25] NOR: 185,000[a][26] DEN: 370,000[a][67][29] SWI: 805,000[a][30] BEL: 375,000[a][34][35] AUT: 400,000[a][36] POL: 110,000[a][77] FIN: 183,444[52]",75 million[401],1979[399]
12,Alabama,United States,1972–present[402],,Country / pop rock[402],Total available certified units: 48 million US: 46.8 million[11] CAN: 1.2 million[17],75 million[403],1980[402]
13,Bob Seger,United States,1961–present[404],,Rock / pop rock / rock and Roll[404],"Total available certified units: 47.3 million US: 44.5 million[11] UK: 260,000[a][14] CAN: 2.560 million[a][17]",75 million[405],1969[404]
14,Bob Marley,Jamaica,1962–1981[406],,Reggae[406],"Total available certified units: 44.4 million US: 21.850 million[11] JPN: 200,000[a][12] GER: 1.750 million[13] UK: 11.940 million[14] FRA: 4.735 million[16] CAN: 600,000[17] AUS: 350,000[407][408] NLD: 420,000[a][21] ITA: 385,000[a][22] SPA: 450,000[a][24][46][47][63] SWE: 120,000[a][25] DEN: 160,000[66][29] SWI: 303,000[a][30] ARG: 376,000[a][31][32] BEL: 225,000[35] AUT: 125,000[a][36] NZ: 432,500[a][38][39]",75 million[409],1975[406]
15,The Police,United Kingdom,1977–19862007–2008[410],,Pop / rock[410],"Total available certified units: 41.8 million US: 23.650 million[11] JPN: 100,000[a][12] GER: 1.775 million[13] UK: 9.860 million[14] FRA: 3.340 million[15][16][59] CAN: 875,000[17] AUS: 527,500[a][18][411][412] BRA: 140,000[a][20] NLD: 350,000[21] ITA: 180,000[a][22] SPA: 350,000[a][24][46][63] SWI: 100,000[a][30] MEX: 100,000[a][51] ARG: 228,000[a][31][32] BEL: 115,000[a][35] NZ: 105,000[38]",75 million[413],1978[410]
16,Barry Manilow,United States,1973–present[414],,Pop / soft rock[414],"Total available certified units: 36.7 million US: 33.3 million[11] UK: 3.225 million[14] CAN: 400,000[a][17]",75 million[415],1973[414]
17,Kiss,United States,1972–present[416],,Hard rock / heavy metal[416],"Total available certified units: 28.4 million US: 26 million[11] JPN: 100,000[a][58] UK: 560,000[14] CAN: 1.495 million[a][17] AUS: 130,000[a][18] NLD: 200,000[a][21]",75 million[417],1974[416]
18,Aretha Franklin,United States,1956–2018[418],,Soul / jazz / blues / R&B[418],"Total available certified units: 26.6 million US: 23.5 million[11] UK: 2.640 million[a][14] FRA: 275,000[a][15][16] CAN: 150,000[a][17] ITA: 110,000[a][22]",75 million[419],1961[418]
